task,MAE,RMSE,R2,Accuracy,F1,ROC-AUC
regression,284.00898760664967,328.8456034173465,0.009396898854270086,,,
classification,,,,0.5326510721247564,0.5222676098435788,0.5478118796365704
